{"cameraMode":{"drawMode":0,"name":"Shaded","section":"Shading Mode"},"sceneLighting":true,"audioPlay":false,"sceneViewState":{"showFog":true,"showMaterialUpdate":false,"showSkybox":true,"showFlares":true,"showImageEffects":true,"showParticleSystems":true},"in2DMode":false,"pivot":{"x":-26.627655029296876,"y":-4.086781024932861,"z":-22.71807861328125},"rotation":{"x":0.2920031249523163,"y":-0.6284931302070618,"z":0.27517572045326235,"w":0.666506290435791},"size":9.575114250183106,"orthographic":false}