{"cameraMode":{"drawMode":0,"name":"Shaded","section":"Shading Mode"},"sceneLighting":false,"audioPlay":false,"sceneViewState":{"showFog":true,"showMaterialUpdate":false,"showSkybox":false,"showFlares":true,"showImageEffects":true,"showParticleSystems":true},"in2DMode":false,"pivot":{"x":-6.717411041259766,"y":-5.554496765136719,"z":12.511555671691895},"rotation":{"x":-0.4249820113182068,"y":0.11542781442403794,"z":-0.054750289767980579,"w":-0.8961747288703919},"size":11.96198844909668,"orthographic":false}