{"cameraMode":{"drawMode":0,"name":"Shaded","section":"Shading Mode"},"sceneLighting":false,"audioPlay":false,"sceneViewState":{"showFog":true,"showMaterialUpdate":false,"showSkybox":false,"showFlares":true,"showImageEffects":true,"showParticleSystems":true},"in2DMode":false,"pivot":{"x":-1.5531692504882813,"y":-0.4066866338253021,"z":-0.16384847462177277},"rotation":{"x":-0.07182025909423828,"y":0.7348082661628723,"z":-0.07878506928682327,"w":-0.6698654890060425},"size":4.066689968109131,"orthographic":false}