{"cameraMode":{"drawMode":0,"name":"Shaded","section":"Shading Mode"},"sceneLighting":true,"audioPlay":false,"sceneViewState":{"showFog":true,"showMaterialUpdate":false,"showSkybox":true,"showFlares":true,"showImageEffects":true,"showParticleSystems":true},"in2DMode":false,"pivot":{"x":296.44158935546877,"y":437.90557861328127,"z":-35.54729461669922},"rotation":{"x":0.0798550546169281,"y":-0.13773222267627717,"z":-0.011007273569703102,"w":-0.9873684048652649},"size":1430.625244140625,"orthographic":false}