{"cameraMode":{"drawMode":0,"name":"Shaded","section":"Shading Mode"},"sceneLighting":false,"audioPlay":false,"sceneViewState":{"showFog":true,"showMaterialUpdate":false,"showSkybox":false,"showFlares":true,"showImageEffects":true,"showParticleSystems":true},"in2DMode":false,"pivot":{"x":-2.643012285232544,"y":1.4765249490737916,"z":0.8356788158416748},"rotation":{"x":-0.19154788553714753,"y":0.648257851600647,"z":-0.17335763573646546,"w":-0.7162668108940125},"size":8.421554565429688,"orthographic":false}