{"cameraMode":{"drawMode":0,"name":"Shaded","section":"Shading Mode"},"sceneLighting":false,"audioPlay":false,"sceneViewState":{"showFog":true,"showMaterialUpdate":false,"showSkybox":false,"showFlares":true,"showImageEffects":true,"showParticleSystems":true},"in2DMode":false,"pivot":{"x":-1.3282101154327393,"y":0.5565086603164673,"z":-0.8228639364242554},"rotation":{"x":0.4569709300994873,"y":-0.06129070371389389,"z":0.03158578649163246,"w":0.8868086338043213},"size":3.82588267326355,"orthographic":false}