{"cameraMode":{"drawMode":0,"name":"Shaded","section":"Shading Mode"},"sceneLighting":false,"audioPlay":false,"sceneViewState":{"showFog":true,"showMaterialUpdate":false,"showSkybox":false,"showFlares":true,"showImageEffects":true,"showParticleSystems":true},"in2DMode":false,"pivot":{"x":1.8828486204147339,"y":-1.0923254489898682,"z":-0.7247530221939087},"rotation":{"x":0.2117442935705185,"y":0.7061848044395447,"z":-0.23622530698776246,"w":0.6329967379570007},"size":4.40977144241333,"orthographic":false}