{"cameraMode":{"drawMode":0,"name":"Shaded","section":"Shading Mode"},"sceneLighting":false,"audioPlay":false,"sceneViewState":{"showFog":true,"showMaterialUpdate":false,"showSkybox":false,"showFlares":true,"showImageEffects":true,"showParticleSystems":true},"in2DMode":false,"pivot":{"x":2.041567325592041,"y":1.3783488273620606,"z":-0.8985133767127991},"rotation":{"x":-0.2311139553785324,"y":0.5962647795677185,"z":-0.18465140461921693,"w":-0.7463146448135376},"size":7.610024929046631,"orthographic":false}