{"cameraMode":{"drawMode":0,"name":"Shaded","section":"Shading Mode"},"sceneLighting":false,"audioPlay":false,"sceneViewState":{"showFog":true,"showMaterialUpdate":false,"showSkybox":false,"showFlares":true,"showImageEffects":true,"showParticleSystems":true},"in2DMode":false,"pivot":{"x":5.728653907775879,"y":1.6439540386199952,"z":-1.4594086408615113},"rotation":{"x":0.0568554513156414,"y":0.881420373916626,"z":-0.11076878756284714,"w":0.4559056758880615},"size":4.115352630615234,"orthographic":false}