{"cameraMode":{"drawMode":0,"name":"Shaded","section":"Shading Mode"},"sceneLighting":false,"audioPlay":false,"sceneViewState":{"showFog":true,"showMaterialUpdate":false,"showSkybox":false,"showFlares":true,"showImageEffects":true,"showParticleSystems":true},"in2DMode":false,"pivot":{"x":19.386411666870118,"y":-2.9585318565368654,"z":5.603736400604248},"rotation":{"x":0.09261739253997803,"y":0.531349241733551,"z":-0.05858403071761131,"w":0.8400410413742065},"size":22.0,"orthographic":false}