{"cameraMode":{"drawMode":0,"name":"Shaded","section":"Shading Mode"},"sceneLighting":false,"audioPlay":false,"sceneViewState":{"showFog":true,"showMaterialUpdate":false,"showSkybox":false,"showFlares":true,"showImageEffects":true,"showParticleSystems":true},"in2DMode":false,"pivot":{"x":1.9886683225631714,"y":-0.4673764705657959,"z":0.7327678203582764},"rotation":{"x":0.14324833452701569,"y":0.8312212228775024,"z":-0.25059252977371218,"w":0.47515469789505007},"size":3.9246184825897219,"orthographic":false}