{"cameraMode":{"drawMode":0,"name":"Shaded","section":"Shading Mode"},"sceneLighting":false,"audioPlay":false,"sceneViewState":{"showFog":true,"showMaterialUpdate":false,"showSkybox":false,"showFlares":true,"showImageEffects":true,"showParticleSystems":true},"in2DMode":false,"pivot":{"x":-0.61106276512146,"y":0.12939706444740296,"z":-0.7984600067138672},"rotation":{"x":-0.17824658751487733,"y":0.8207759857177734,"z":-0.3609480559825897,"w":-0.4053232967853546},"size":4.40977144241333,"orthographic":false}