{"cameraMode":{"drawMode":0,"name":"Shaded","section":"Shading Mode"},"sceneLighting":false,"audioPlay":false,"sceneViewState":{"showFog":true,"showMaterialUpdate":false,"showSkybox":false,"showFlares":true,"showImageEffects":true,"showParticleSystems":true},"in2DMode":false,"pivot":{"x":4.34414005279541,"y":1.5244170427322388,"z":1.4789891242980958},"rotation":{"x":-0.12249534577131272,"y":0.8227955102920532,"z":-0.19378787279129029,"w":-0.5200939178466797},"size":0.48096591234207156,"orthographic":false}