{"cameraMode":{"drawMode":0,"name":"Shaded","section":"Shading Mode"},"sceneLighting":false,"audioPlay":false,"sceneViewState":{"showFog":true,"showMaterialUpdate":false,"showSkybox":false,"showFlares":true,"showImageEffects":true,"showParticleSystems":true},"in2DMode":false,"pivot":{"x":-1.8578673601150513,"y":-0.47278764843940737,"z":0.810976505279541},"rotation":{"x":-0.19005709886550904,"y":0.34274598956108096,"z":-0.07101821154356003,"w":-0.9172617197036743},"size":3.9246184825897219,"orthographic":false}