{"cameraMode":{"drawMode":0,"name":"Shaded","section":"Shading Mode"},"sceneLighting":false,"audioPlay":false,"sceneViewState":{"showFog":true,"showMaterialUpdate":false,"showSkybox":false,"showFlares":true,"showImageEffects":true,"showParticleSystems":true},"in2DMode":false,"pivot":{"x":-1.229131817817688,"y":-0.15460313856601716,"z":0.10513947904109955},"rotation":{"x":-0.407840758562088,"y":0.3916289508342743,"z":-0.19958233833312989,"w":-0.8002935647964478},"size":3.9246184825897219,"orthographic":false}