{"cameraMode":{"drawMode":0,"name":"Shaded","section":"Shading Mode"},"sceneLighting":false,"audioPlay":false,"sceneViewState":{"showFog":true,"showMaterialUpdate":false,"showSkybox":false,"showFlares":true,"showImageEffects":true,"showParticleSystems":true},"in2DMode":false,"pivot":{"x":1.3940842151641846,"y":1.648242712020874,"z":1.3698656558990479},"rotation":{"x":-0.16651561856269837,"y":0.8294935822486877,"z":-0.3296862244606018,"w":-0.41895562410354617},"size":1.5236551761627198,"orthographic":false}