{"cameraMode":{"drawMode":0,"name":"Shaded","section":"Shading Mode"},"sceneLighting":false,"audioPlay":false,"sceneViewState":{"showFog":true,"showMaterialUpdate":false,"showSkybox":false,"showFlares":true,"showImageEffects":true,"showParticleSystems":true},"in2DMode":false,"pivot":{"x":-0.7852296233177185,"y":0.757176399230957,"z":-1.4670000076293946},"rotation":{"x":0.06978457421064377,"y":-0.9175879955291748,"z":0.34563979506492617,"w":0.18425273895263673},"size":1.6060740947723389,"orthographic":false}