{"cameraMode":{"drawMode":0,"name":"Shaded","section":"Shading Mode"},"sceneLighting":true,"audioPlay":false,"sceneViewState":{"showFog":true,"showMaterialUpdate":false,"showSkybox":true,"showFlares":true,"showImageEffects":true,"showParticleSystems":true},"in2DMode":false,"pivot":{"x":-3.681528091430664,"y":7.987649440765381,"z":-9.894588470458985},"rotation":{"x":-0.3681436777114868,"y":-0.3702334463596344,"z":0.162918359041214,"w":-0.8372386693954468},"size":8.058016777038575,"orthographic":false}