{"cameraMode":{"drawMode":0,"name":"Shaded","section":"Shading Mode"},"sceneLighting":false,"audioPlay":false,"sceneViewState":{"showFog":true,"showMaterialUpdate":false,"showSkybox":false,"showFlares":true,"showImageEffects":true,"showParticleSystems":true},"in2DMode":false,"pivot":{"x":-1.3083258867263795,"y":2.4041597843170168,"z":-0.09847674518823624},"rotation":{"x":0.06078508496284485,"y":0.3445168137550354,"z":-0.02235826849937439,"w":0.9365480542182922},"size":2.664593458175659,"orthographic":false}