{"cameraMode":{"drawMode":0,"name":"Shaded","section":"Shading Mode"},"sceneLighting":false,"audioPlay":false,"sceneViewState":{"showFog":true,"showMaterialUpdate":false,"showSkybox":false,"showFlares":true,"showImageEffects":true,"showParticleSystems":true},"in2DMode":false,"pivot":{"x":-0.17815150320529939,"y":0.5756415724754334,"z":1.5360890626907349},"rotation":{"x":-0.2634064555168152,"y":0.6798603534698486,"z":-0.287911981344223,"w":-0.6211271286010742},"size":3.78216290473938,"orthographic":false}