{"cameraMode":{"drawMode":0,"name":"Shaded","section":"Shading Mode"},"sceneLighting":false,"audioPlay":false,"sceneViewState":{"showFog":true,"showMaterialUpdate":false,"showSkybox":false,"showFlares":true,"showImageEffects":true,"showParticleSystems":true},"in2DMode":false,"pivot":{"x":-1.343869686126709,"y":-0.43934720754623415,"z":-0.8929407000541687},"rotation":{"x":0.052317772060632709,"y":-0.9274526238441467,"z":0.140334352850914,"w":0.3430077135562897},"size":4.200057029724121,"orthographic":false}