{"cameraMode":{"drawMode":0,"name":"Shaded","section":"Shading Mode"},"sceneLighting":false,"audioPlay":false,"sceneViewState":{"showFog":true,"showMaterialUpdate":false,"showSkybox":false,"showFlares":true,"showImageEffects":true,"showParticleSystems":true},"in2DMode":false,"pivot":{"x":-0.5042372345924377,"y":0.4080866873264313,"z":0.8802295923233032},"rotation":{"x":-0.06504853069782257,"y":0.9348506927490234,"z":-0.23951584100723267,"w":-0.25390201807022097},"size":2.664593458175659,"orthographic":false}