{"cameraMode":{"drawMode":0,"name":"Shaded","section":"Shading Mode"},"sceneLighting":true,"audioPlay":false,"sceneViewState":{"showFog":true,"showMaterialUpdate":false,"showSkybox":true,"showFlares":true,"showImageEffects":true,"showParticleSystems":true},"in2DMode":false,"pivot":{"x":-0.3476937711238861,"y":2.5495948791503908,"z":-2.6151695251464845},"rotation":{"x":-0.284293532371521,"y":0.4132218360900879,"z":-0.13753622770309449,"w":-0.8541284799575806},"size":12.70026969909668,"orthographic":false}