{"cameraMode":{"drawMode":0,"name":"Shaded","section":"Shading Mode"},"sceneLighting":false,"audioPlay":false,"sceneViewState":{"showFog":true,"showMaterialUpdate":false,"showSkybox":false,"showFlares":true,"showImageEffects":true,"showParticleSystems":true},"in2DMode":false,"pivot":{"x":-5.8042120933532719,"y":-8.716859817504883,"z":-11.72517204284668},"rotation":{"x":0.06978457421064377,"y":-0.9175879955291748,"z":0.34563979506492617,"w":0.18425273895263673},"size":60.8729248046875,"orthographic":false}