{"cameraMode":{"drawMode":0,"name":"Shaded","section":"Shading Mode"},"sceneLighting":false,"audioPlay":false,"sceneViewState":{"showFog":true,"showMaterialUpdate":false,"showSkybox":false,"showFlares":true,"showImageEffects":true,"showParticleSystems":true},"in2DMode":false,"pivot":{"x":-2.0397491455078127,"y":-7.234917163848877,"z":32.37567901611328},"rotation":{"x":0.18078668415546418,"y":-0.01684126816689968,"z":0.003142907749861479,"w":0.9833974242210388},"size":40.010372161865237,"orthographic":false}