{"cameraMode":{"drawMode":0,"name":"Shaded","section":"Shading Mode"},"sceneLighting":false,"audioPlay":false,"sceneViewState":{"showFog":true,"showMaterialUpdate":false,"showSkybox":false,"showFlares":true,"showImageEffects":true,"showParticleSystems":true},"in2DMode":false,"pivot":{"x":1.1316267251968384,"y":0.722409725189209,"z":0.11247369647026062},"rotation":{"x":-0.24779438972473145,"y":0.7244083285331726,"z":-0.3224668502807617,"w":-0.5566633939743042},"size":2.417405128479004,"orthographic":false}